Order,Count,Link
Perciformes,10034,http://phylopic.org/assets/images/submissions/c1bb2fb0-08dc-4841-ae91-6c09146c4289.512.png
Squamata,7246,http://phylopic.org/assets/images/submissions/83053aee-0f56-4cf3-bbfa-9207e6f13f46.512.png
Anura,7061,http://phylopic.org/assets/images/submissions/a3b917bc-142d-4314-aa82-2215f5487daf.512.png
Passeriformes,6295,http://phylopic.org/assets/images/submissions/ca1082e0-718c-48dc-a011-995511e48180.512.png
Cypriniformes,3379,http://phylopic.org/assets/images/submissions/492c2aa9-4eee-4eda-aebe-d23e3495f73b.512.png
Siluriformes,2968,http://phylopic.org/assets/images/submissions/ae1d3ca5-f6d9-49dd-a431-e1bea5a3bdf3.512.png
Rodentia,2367,http://phylopic.org/assets/images/submissions/13ddd312-92ad-4873-9d65-4732b86cfbbd.512.png
Characiformes,1748,http://phylopic.org/assets/images/submissions/a63a929b-1b92-4e27-93c6-29f65184017e.512.png
Scorpaeniformes,1515,http://phylopic.org/assets/images/submissions/d0bde1d1-e52f-4d4e-828c-1641836dfb16.512.png
Chiroptera,1315,http://phylopic.org/assets/images/submissions/18bfd2fc-f184-4c3a-b511-796aafcc70f6.512.png
Cyprinodontiformes,995,http://phylopic.org/assets/images/submissions/01756ae0-d86d-4397-a967-68f2f8a9feb7.512.png
Anguilliformes,846,http://phylopic.org/assets/images/submissions/629e1135-d0c5-4f02-bb13-8cbf63e48692.512.png
Pleuronectiformes,793,http://phylopic.org/assets/images/submissions/5e44dca8-d055-4f31-a6e1-4f4b3febdd8b.512.png
Caudata,738,http://phylopic.org/assets/images/submissions/a86ffb5e-5795-4931-b41e-3f8e3e1d5a48.512.png
Gadiformes,598,http://phylopic.org/assets/images/submissions/8d92b454-3131-4bbd-ac9c-e1df14c2fc5a.512.png
Primates,508,http://phylopic.org/assets/images/submissions/2d078b25-e6a0-4beb-a5d3-5d6f16be8ebf.512.png
Apodiformes,445,http://phylopic.org/assets/images/submissions/309e4962-55b8-4158-87c7-e4303d679466.512.png
Tetraodontiformes,434,http://phylopic.org/assets/images/submissions/5e28848d-148f-49ad-b1f7-c17efa8fe623.original.png
Soricomorpha,428,http://phylopic.org/assets/images/submissions/822c549b-b29b-47eb-9fe3-dc5bbb0abccb.512.png
Stomiiformes,413,http://phylopic.org/assets/images/submissions/ead318d0-2ded-4ca5-b263-b9702374a564.512.png
Piciformes,407,http://phylopic.org/assets/images/submissions/092f230e-ed1c-4a61-ad1d-31f47349f438.512.png
Ophidiiformes,404,http://phylopic.org/assets/images/submissions/7a0c849a-9ca0-4411-abbb-357a43ed9944.512.png
Clupeiformes,384,http://phylopic.org/assets/images/submissions/0b89df58-7eae-40c5-9676-d35e3449afb2.512.png
Charadriiformes,383,http://phylopic.org/assets/images/submissions/416ec8c6-0ed1-4c9f-b4a4-8c1ef6496e84.512.png
Psittaciformes,370,http://phylopic.org/assets/images/submissions/f4efbf67-9ce0-4390-85eb-24760a897a5d.512.png
Gasterosteiformes,350,http://phylopic.org/assets/images/submissions/ead318d0-2ded-4ca5-b263-b9702374a564.512.png
Testudines,335,http://phylopic.org/assets/images/submissions/1641779a-9760-4105-a2cd-2de185d5448d.512.png
Lophiiformes,320,http://phylopic.org/assets/images/submissions/a1933d3f-43ee-47ec-a15b-e4bf0d83b21a.512.png
Columbiformes,317,http://phylopic.org/assets/images/submissions/a62a398d-793c-48cf-9803-e52118a28639.512.png
Atheriniformes,313,http://phylopic.org/assets/images/submissions/4e31c12d-1c23-4a64-bcc6-0730ab6d0617.512.png
Osmeriformes,310,http://phylopic.org/assets/images/submissions/98dc249a-b1f2-4795-9fa7-ee0162fa2515.512.png
Galliformes,291,http://phylopic.org/assets/images/submissions/a93b67a0-15d5-4835-938b-212928ec6901.512.png
Carnivora,291,http://phylopic.org/assets/images/submissions/4cf89a44-cbef-4245-9bf7-02418de900b8.512.png
Accipitriformes,266,http://phylopic.org/assets/images/submissions/8353477c-dc5d-44b6-ab3c-9d0cdf4d64f7.512.png
Myctophiformes,260,http://phylopic.org/assets/images/submissions/2a45382c-ec52-4631-996b-11feb1825d85.512.png
Artiodactyla,251,http://phylopic.org/assets/images/submissions/5febaf63-71b2-425f-b44e-d1e1e6b6c3ed.512.png
Strigiformes,243,http://phylopic.org/assets/images/submissions/919a6f91-cb0b-4646-9ec2-b6a8b5e4b024.512.png
Aulopiformes,241,http://phylopic.org/assets/images/submissions/77aa581c-87d4-4282-be0e-09f98e958ffa.512.png
Beloniformes,234,http://phylopic.org/assets/images/submissions/b7ae3bbf-c0a1-43bf-80ac-babf90554073.512.png
Rajiformes,231,http://phylopic.org/assets/images/submissions/a3b3e80c-22f2-4b8f-a3ac-42fe1583e0be.512.png
Carcharhiniformes,221,http://phylopic.org/assets/images/submissions/76d77c63-d04e-4667-846d-0e80db46c654.512.png
Gymnophiona,212,http://phylopic.org/assets/images/submissions/589b533e-85c0-4180-8e3a-537f898258c3.512.png
Osteoglossiformes,207,http://phylopic.org/assets/images/submissions/a1c87795-f8fd-4d83-bea6-c7c198ed876a.512.png
Enterogona,206,http://phylopic.org/assets/images/submissions/dbbf1325-10e5-4880-a27b-2d9afb5dc55c.512.png
Myliobatiformes,185,http://phylopic.org/assets/images/submissions/db9d25f7-e112-461b-86d2-d3d4dbcb9521.512.png
Pleurogona,178,http://phylopic.org/assets/images/submissions/473d93c4-6eda-407c-b027-5a48faf49e29.512.png
Salmoniformes,176,http://phylopic.org/assets/images/submissions/3c098bb8-4158-4777-b567-80e48049409c.512.png
Gruiformes,165,http://phylopic.org/assets/images/submissions/d5194798-0b50-4a79-8b3d-e6efe468c5ab.512.png
Anseriformes,164,http://phylopic.org/assets/images/submissions/c90266aa-88c4-4a2d-ae52-dfaa1af27c91.512.png
Beryciformes,153,http://phylopic.org/assets/images/submissions/893f7dc2-d270-44b5-9195-0d9f49c0f670.512.png
Coraciiformes,148,http://phylopic.org/assets/images/submissions/c4ebc0db-6ce0-422f-a42a-8abe2809d6d9.512.png
Diprotodontia,143,http://phylopic.org/assets/images/submissions/f5592cab-cc61-4aab-b1dd-fba7cd2df7c9.512.png
Cuculiformes,141,http://phylopic.org/assets/images/submissions/5311f33f-6db1-47b0-94c4-c60fa7521884.512.png
Procellariiformes,138,http://phylopic.org/assets/images/submissions/4f358bf0-4294-49ed-85aa-e57438dd2fc1.512.png
Gymnotiformes,131,http://phylopic.org/assets/images/submissions/a6e1b574-cf8d-4714-8f93-9959b649d4f7.512.png
Squaliformes,115,http://phylopic.org/assets/images/submissions/4b7f790f-6063-4bc2-9f16-68df3a750134.512.png
Caprimulgiformes,114,http://phylopic.org/assets/images/submissions/19899811-afff-4ba8-8084-cc7fe762da7e.512.png
Pelecaniformes,113,http://phylopic.org/assets/images/submissions/d0508bc3-dec1-40ee-85b1-a09b11a097b5.512.png
Lagomorpha,99,http://phylopic.org/assets/images/submissions/9c4f95fb-8bf0-49c8-ac63-d16746bb5e1d.512.png
Synbranchiformes,99,http://phylopic.org/assets/images/submissions/5f93d0f6-e255-4f9b-b0e4-099f63868197.512.png
Cetacea,90,http://phylopic.org/assets/images/submissions/e68270c1-3091-4aee-92ae-51341a40e94a.512.png
Didelphimorphia,87,http://phylopic.org/assets/images/submissions/91324e57-b3f1-42e0-abe3-43e5bc8aa4c6.512.png
Batrachoidiformes,79,http://phylopic.org/assets/images/submissions/9cc0d4da-4903-4c68-b93c-00afe68d657b.512.png
Mugiliformes,77,http://phylopic.org/assets/images/submissions/ead318d0-2ded-4ca5-b263-b9702374a564.512.png
Dasyuromorphia,75,http://phylopic.org/assets/images/submissions/295cd9f7-eef2-441e-ba7e-40c772ca7611.512.png
Stephanoberyciformes,75,http://phylopic.org/assets/images/submissions/77aa581c-87d4-4282-be0e-09f98e958ffa.512.png
Falconiformes,66,http://phylopic.org/assets/images/submissions/9c975f32-2362-46c6-b039-019d48425b0c.512.png
Myxiniformes,66,http://phylopic.org/assets/images/submissions/14dad3b4-20c5-46c3-8bdc-7f9d671da377.512.png
Bucerotiformes,63,http://phylopic.org/assets/images/submissions/ffef1357-f730-46b5-979e-96999049c50b.512.png
Suliformes,56,http://phylopic.org/assets/images/submissions/d0508bc3-dec1-40ee-85b1-a09b11a097b5.512.png
Afrosoricida,51,http://phylopic.org/assets/images/submissions/db739d88-1b37-4b76-beac-c34cfdeeca96.512.png
Torpediniformes,47,http://phylopic.org/assets/images/submissions/a3b3e80c-22f2-4b8f-a3ac-42fe1583e0be.512.png
Tinamiformes,47,http://phylopic.org/assets/images/submissions/446debec-ca63-4882-801f-beaf479887d5.512.png
Petromyzontiformes,46,http://phylopic.org/assets/images/submissions/5f93d0f6-e255-4f9b-b0e4-099f63868197.512.png
Zeiformes,44,http://phylopic.org/assets/images/submissions/1cc605fb-013f-4997-b88c-6d2c71952e8d.512.png
Rhinobatiformes,41,http://phylopic.org/assets/images/submissions/465ee9b8-3a2d-4c3d-bf43-6301f50d1f2e.512.png
Trogoniformes,39,http://phylopic.org/assets/images/submissions/5eca6929-759a-482c-b29c-b78340c35143.512.png
Chimaeriformes,37,http://phylopic.org/assets/images/submissions/ca376e77-d339-4dcc-9719-b09d346eee34.512.png
Albuliformes,36,http://phylopic.org/assets/images/submissions/a685be33-bbc6-41d0-96bf-0ac8f5a709c8.original.png
Gonorynchiformes,36,http://phylopic.org/assets/images/submissions/199829d3-183a-4eb3-a35a-a8705d28cb56.512.png
Orectolobiformes,34,http://phylopic.org/assets/images/submissions/2417e9e6-d4f1-475a-9028-91bc6867cba4.512.png
Acipenseriformes,31,http://phylopic.org/assets/images/submissions/279159c1-67b0-4b36-bb87-9cde492fcd22.512.png
Otidiformes,26,http://phylopic.org/assets/images/submissions/1b5a326b-40b8-4434-b5ea-881dc2a0e654.512.png
Perissodactyla,24,http://phylopic.org/assets/images/submissions/3f18d263-3f53-4b88-a496-e21982ddc5ef.512.png
Erinaceomorpha,24,http://phylopic.org/assets/images/submissions/822c549b-b29b-47eb-9fe3-dc5bbb0abccb.512.png
Crocodilia,23,http://phylopic.org/assets/images/submissions/e67c8d6c-0b26-4e7c-be80-d7a0af57b9df.512.png
Cingulata,21,http://phylopic.org/assets/images/submissions/5d59b5ce-c1dd-40f6-b295-8d2629b9775e.512.png
Peramelemorphia,21,http://phylopic.org/assets/images/submissions/8d463089-2dec-4ddf-9064-8cd021c4e986.512.png
Scandentia,20,http://phylopic.org/assets/images/submissions/88a07585-846a-405d-9195-c15c010e7443.512.png
Ciconiiformes,19,http://phylopic.org/assets/images/submissions/d8072f32-4792-4649-a318-c9e37ccc023d.512.png
Pilosa,16,http://phylopic.org/assets/images/submissions/5437de35-2081-4e85-b03d-8edcec3fa23d.512.png
Lamniformes,15,http://phylopic.org/assets/images/submissions/fd594f7c-4a09-4394-9826-31dad479ee59.original.png
Macroscelidea,15,http://phylopic.org/assets/images/submissions/b2a34ebf-1eab-4ddc-a926-af305a20828b.512.png
Salpida,14,http://phylopic.org/assets/images/submissions/6a396f0f-e0c8-4d0c-99b2-ec5adf551ef3.512.png
Esociformes,12,http://phylopic.org/assets/images/submissions/f8369dec-bdf6-432b-a0c4-41ee5d75286d.512.png